transactiondate,trend,seasonal,residual,mean,median
2016-01-01,,0.0016000656702833244,,-0.04826666666666666,-0.004
2016-01-02,,0.0024212099752193702,,-0.00815000000000001,0.0094
2016-01-03,,-0.004386126827803445,,0.007736,0.007
2016-01-04,,-0.003085476146792245,,0.002741538461538465,0.0045000000000000005
2016-01-05,,-0.0003568955008783479,,0.014270588235294115,0.0129
2016-01-06,,0.00726762810028735,,0.014594637223974758,0.0139
2016-01-07,,0.0005645833942913036,,0.002497902097902093,0.004
2016-01-08,0.009994393260711179,0.0006562545806014845,0.0006291598509950035,0.011279807692307667,0.0085
2016-01-09,0.015302306856124777,-0.00673491135787977,0.024232604501754983,0.03279999999999999,0.0363
2016-01-10,0.018604394157712076,-0.0005467848790841143,-0.010328442611961293,0.007729166666666668,0.0035
2016-01-11,0.019050549890867814,0.003821524810551391,-0.008046482284357594,0.014825592417061611,0.005
2016-01-12,0.01878145503292689,0.0006010524680562842,-0.01562554547566672,0.003756962025316453,0.004
2016-01-13,0.01887331607683118,0.00014108346043402507,0.009634505572223812,0.028648905109489017,0.009000000000000001
2016-01-14,0.019282529384254243,-0.001963207747286611,0.0026519604143144197,0.01997128205128205,0.0154
2016-01-15,0.01980076679217438,0.0016000656702833244,0.0013040815424562786,0.022704914004913982,0.008
2016-01-16,0.01963445808322796,0.0024212099752193702,0.047444331941552675,0.0695,0.0695
2016-01-17,0.01895227959563574,-0.004386126827803445,0.007978291676612143,0.02254444444444444,0.0208
2016-01-18,0.01960587985244396,-0.003085476146792245,-0.01609494916019717,0.0004254545454545447,0.01
2016-01-19,0.021434896740861794,-0.0003568955008783479,-0.012025985110951185,0.00905201612903226,0.010450000000000001
2016-01-20,0.02209615277363138,0.00726762810028735,-0.006978462314361955,0.022385318559556774,0.009000000000000001
2016-01-21,0.02179079010719579,0.0005645833942913036,-0.01619018013132134,0.006165193370165756,0.005
2016-01-22,0.02134799988393854,0.0006562545806014845,0.0001189093772678676,0.022123163841807892,0.006999999999999999
2016-01-23,0.018656566406345273,-0.00673491135787977,0.005378344951534496,0.0173,0.0129
2016-01-24,0.015683699342853206,-0.0005467848790841143,-0.011008745449684585,0.004128169014084507,0.01
2016-01-25,0.01557974629375051,0.003821524810551391,0.017326126155972066,0.036727397260273964,0.0119
2016-01-26,0.01658461123122118,0.0006010524680562842,0.015881966358525998,0.033067630057803464,0.0149
2016-01-27,0.017141689695568084,0.00014108346043402507,0.0005706328385482768,0.017853405994550386,0.008
2016-01-28,0.018515263841357668,-0.001963207747286611,0.005664570411953047,0.022216626506024104,0.0119
2016-01-29,0.019564278722552775,0.0016000656702833244,-0.013102901093867038,0.008061443298969063,0.006999999999999999
2016-01-30,0.018752394618271533,0.0024212099752193702,-0.01239027126015757,0.008783333333333332,0.0019999999999999996
2016-01-31,0.018782174296339944,-0.004386126827803445,-0.014375214135203165,2.083333333333287e-05,0.003
2016-02-01,0.018611622717460273,-0.003085476146792245,0.004512233711022117,0.020038380281690145,0.0109
2016-02-02,0.01746428226376991,-0.0003568955008783479,0.0004679218790837491,0.01757530864197531,0.0109
2016-02-03,0.017531987897415873,0.00726762810028735,0.004660607050623918,0.02946022304832714,0.0159
2016-02-04,0.0173413446849886,0.0005645833942913036,0.019644436884223744,0.03755036496350365,0.01
2016-02-05,0.017280890266133987,0.0006562545806014845,0.0021732640751976,0.02011040892193307,0.009000000000000001
2016-02-06,0.017525674842475848,-0.00673491135787977,-0.014210763484596076,-0.0034200000000000003,-0.008
2016-02-07,0.015482371271047273,-0.0005467848790841143,0.010746413608036838,0.025681999999999996,0.0203
2016-02-08,0.011990431853007504,0.003821524810551391,-0.005413834597831199,0.010398122065727697,0.01
2016-02-09,0.00999218180886544,0.0006010524680562842,0.016678138272097846,0.02727137254901957,0.0109
2016-02-10,0.00932349814955894,0.00014108346043402507,0.01608083963542828,0.02554542124542124,0.006999999999999999
2016-02-11,0.008464033447858677,-0.001963207747286611,0.0026857756066174694,0.009186601307189535,0.006999999999999999
2016-02-12,0.007809693959649651,0.0016000656702833244,0.009988985139941486,0.019398744769874462,0.0129
2016-02-13,0.008594678282793825,0.0024212099752193702,-0.006715888258013195,0.0043,0.0043
2016-02-14,0.008312721293546514,-0.004386126827803445,-0.0566349277990764,-0.05270833333333333,-0.006
2016-02-15,0.007571473781286916,-0.003085476146792245,-0.029492754391251427,-0.025006756756756756,-0.003
2016-02-16,0.007118584344306312,-0.0003568955008783479,-9.224439898351279e-05,0.006669444444444451,0.008
2016-02-17,0.005692865472896499,0.00726762810028735,0.008682451212092202,0.02164294478527605,0.0119
2016-02-18,0.005174301406738073,0.0005645833942913036,0.015563746777917992,0.021302631578947368,0.01
2016-02-19,0.005212592094564329,0.0006562545806014845,0.012167789961470804,0.018036636636636617,0.009000000000000001
2016-02-20,0.00477641652696186,-0.00673491135787977,0.022591828164251246,0.020633333333333333,0.01975
2016-02-21,0.005737011679657085,-0.0005467848790841143,-0.011456355832831035,-0.006266129032258064,-0.003
2016-02-22,0.008389581686851555,0.003821524810551391,0.009380214257314024,0.02159132075471697,0.0109
2016-02-23,0.009888631066563187,0.0006010524680562842,-0.007092413910046091,0.003397269624573381,0.002
2016-02-24,0.009522150099567861,0.00014108346043402507,-0.00016383778960916344,0.009499395770392723,0.008
2016-02-25,0.008798496958141347,-0.001963207747286611,0.0038775437189273454,0.010712832929782081,0.005
2016-02-26,0.008940666352328102,0.0016000656702833244,0.008403920383805677,0.018944652406417104,0.0005
2016-02-27,0.0077950438649213435,0.0024212099752193702,-0.01767507736955248,-0.007458823529411766,0.0237
2016-02-28,0.006450096188270037,-0.004386126827803445,-0.016116814888921874,-0.01405284552845528,-0.005
2016-02-29,0.0064430637841372835,-0.003085476146792245,0.00725212800246538,0.010609715639810419,0.004
2016-03-01,0.006379594915835074,-0.0003568955008783479,0.007003655264846215,0.013026354679802942,0.004
2016-03-02,0.00638518463958938,0.00726762810028735,-0.008628245265828291,0.005024567474048439,0.01
2016-03-03,0.0063904199631032565,0.0005645833942913036,0.01070371757283799,0.01765872093023255,0.008
2016-03-04,0.005975343710497897,0.0006562545806014845,0.019029692031481256,0.02566129032258064,0.008
2016-03-05,0.005233675291670817,-0.00673491135787977,-0.017567513933791044,-0.01906875,-0.003
2016-03-06,0.0059895229764411586,-0.0005467848790841143,-0.009665318742518334,-0.00422258064516129,0.004
2016-03-07,0.006999628373097878,0.003821524810551391,0.008529711868253832,0.0193508650519031,0.006
2016-03-08,0.007015523929777347,0.0006010524680562842,-0.0037559793829082585,0.003860597014925373,0.0
2016-03-09,0.008070054379952382,0.00014108346043402507,0.0009814428047748805,0.009192580645161288,-0.002
2016-03-10,0.008357471098899484,-0.001963207747286611,0.004771973761789176,0.011166237113402049,0.006
2016-03-11,0.0059447292415601505,0.0016000656702833244,-0.0006756817619963762,0.006869113149847099,0.001
2016-03-13,0.004795233753848938,0.0024212099752193702,-0.02336644372906831,-0.01615,-0.01615
2016-03-14,0.006156844645428487,-0.004386126827803445,0.01403134829807743,0.015802066115702472,0.001
2016-03-15,0.006732815361613109,-0.003085476146792245,0.0053904158872199355,0.0090377551020408,0.003
2016-03-16,0.006288657516853961,-0.0003568955008783479,0.009111628788622077,0.015043390804597689,0.002
2016-03-17,0.00637284950365583,0.00726762810028735,0.01889390635021152,0.0325343839541547,-0.002
2016-03-18,0.0061563180787041726,0.0005645833942913036,-0.008524328892350318,-0.0018034274193548415,-0.002
2016-03-19,0.005738939027949034,0.0006562545806014845,-0.028828526941883852,-0.022433333333333333,-0.0171
2016-03-20,0.006783692923391004,-0.00673491135787977,-0.003208781565511235,-0.0031600000000000005,-0.0151
2016-03-21,0.007439421287739498,-0.0005467848790841143,0.01110113791041076,0.017993774319066142,0.005
2016-03-22,0.00714329186135265,0.003821524810551391,0.002296873468941025,0.013261690140845066,0.001
2016-03-23,0.006679185755805144,0.0006010524680562842,-0.009766885951134157,-0.0024866477272727293,-0.005
2016-03-24,0.005589050933698282,0.00014108346043402507,0.012167066623679392,0.017897201017811698,-0.002
2016-03-25,0.007346009056459908,-0.001963207747286611,-0.008984064467068032,-0.003601263157894736,-0.002
2016-03-27,0.008772321940484488,0.0016000656702833244,-0.0004223876107678124,0.00995,0.005000000000000001
2016-03-28,0.008176795958228464,0.0024212099752193702,-0.0005757837112256156,0.010022222222222219,-0.0025
2016-03-29,0.009037314040651558,-0.004386126827803445,0.0033390508823899793,0.007990238095238092,0.005
2016-03-30,0.009892973305690339,-0.003085476146792245,0.0017504620247753722,0.008557959183673466,-0.0015
2016-03-31,0.009932780965408023,-0.0003568955008783479,-0.007047669696894821,0.0025282157676348544,-0.001
2016-04-01,0.009470111344365829,0.00726762810028735,-0.0022119554725277763,0.014525783972125403,0.006
2016-04-02,0.009409675329128524,0.0005645833942913036,0.055425741276580176,0.0654,0.0654
2016-04-03,0.008206863299053334,0.0006562545806014845,-0.05856311787965481,-0.049699999999999994,-0.0429
2016-04-04,0.0062698353844392145,-0.00673491135787977,0.007897015136938648,0.007431939163498094,0.006
2016-04-05,0.0054262683541788335,-0.0005467848790841143,0.026616857988319913,0.03149634146341463,0.004
2016-04-06,0.00524980212482995,0.003821524810551391,0.014646255482201062,0.023717582417582404,0.001
2016-04-07,0.005108358376568938,0.0006010524680562842,-0.017537336376540112,-0.011827925531914887,0.002
2016-04-08,0.0046439707724845285,0.00014108346043402507,0.00949867520035385,0.014283729433272403,0.003
2016-04-09,0.0015903855172442233,-0.001963207747286611,-0.0013071777699576112,-0.0016799999999999988,-0.0202
2016-04-10,0.00017038551724422315,0.0016000656702833244,-0.027420451187527548,-0.025650000000000003,-0.004200000000000001
2016-04-11,0.0008985236789874234,0.0024212099752193702,-0.011934293041179975,-0.008614559386973182,-0.003
2016-04-12,-0.0009242085660051509,-0.004386126827803445,0.008317478250951452,0.003007142857142856,0.004
2016-04-13,-0.002408643597448717,-0.003085476146792245,0.014094119744240957,0.008599999999999995,0.006999999999999999
2016-04-14,-0.0021070662609196907,-0.0003568955008783479,0.0009897117617980325,-0.0014742500000000062,0.002
2016-04-15,-0.0018312241603949814,0.00726762810028735,8.899288550445576e-05,0.005525396825396825,0.003
2016-04-16,-0.0018733811639642336,0.0005645833942913036,-0.00979120223032707,-0.0111,-0.0111
2016-04-17,-0.0012225045405876104,0.0006562545806014845,-0.012393750040013873,-0.01296,-0.006
2016-04-18,0.00017713077657690993,-0.00673491135787977,-0.002362411726389453,-0.008920192307692313,0.003
2016-04-19,0.0017643968267957518,-0.0005467848790841143,-0.00440564187289867,-0.003188029925187033,0.003
2016-04-20,0.0021204337555651856,0.003821524810551391,0.01089581435964763,0.016837772925764206,0.0075
2016-04-21,0.0019330583583577173,0.0006010524680562842,0.0009619385563020468,0.0034960493827160483,0.0
2016-04-22,0.0018015993843570582,0.00014108346043402507,0.004740650488542245,0.0066833333333333285,0.002
2016-04-23,0.002570997760854738,-0.001963207747286611,0.004132209986431874,0.004740000000000001,-0.005
2016-04-24,0.004611831094188072,0.0016000656702833244,-0.020057351309925944,-0.013845454545454548,-0.001
2016-04-25,0.006565061839548555,0.0024212099752193702,0.009784412224320013,0.01877068403908794,0.005
2016-04-26,0.007419329149515435,-0.004386126827803445,0.017032146515497306,0.020065348837209295,0.0
2016-04-27,0.007261619375982947,-0.003085476146792245,-0.002665315203712994,0.0015108280254777077,0.003
2016-04-28,0.007501692442058843,-0.0003568955008783479,-0.00677638608846732,0.00036841085271317584,0.001
2016-04-29,0.008151627973021722,0.00726762810028735,-0.015417371372643884,1.8847006651872702e-06,0.0
2016-04-30,0.008154529814055534,0.0005645833942913036,0.00724755345831983,0.015966666666666667,0.01575
2016-05-01,0.00861067700020272,0.0006562545806014845,0.007849735085862461,0.017116666666666665,0.00945
2016-05-02,0.009102762319039122,-0.00673491135787977,0.013325750934575241,0.015693601895734592,0.003
2016-05-03,0.008435247843223958,-0.0005467848790841143,-0.011770802413681128,-0.0038823394495412847,0.002
2016-05-04,0.007860178156244615,0.003821524810551391,0.0014345058244127754,0.013116208791208782,0.005
2016-05-05,0.008178133562398564,0.0006010524680562842,0.005160473336941734,0.013939659367396582,0.005
2016-05-06,0.00841676780897114,0.00014108346043402507,0.005880066946208206,0.014437918215613372,0.01
2016-05-07,0.00740797242805766,-0.001963207747286611,-0.008378098014104383,-0.002933333333333333,0.0178
2016-05-08,0.0062574962375814705,0.0016000656702833244,-0.001257561907864795,0.0066,0.0
2016-05-09,0.005613796169876664,0.0024212099752193702,0.004068612275956591,0.012103618421052625,0.009500000000000001
2016-05-10,0.005461178822167432,-0.004386126827803445,0.006966957138056096,0.008042009132420083,0.001
2016-05-11,0.00542077049460053,-0.003085476146792245,-0.004903077852962921,-0.002567783505154637,0.004
2016-05-12,0.004465768309549979,-0.0003568955008783479,0.00924090094698446,0.013349773755656089,0.002
2016-05-13,0.003551456063628825,0.00726762810028735,-0.017116803462161788,-0.006297719298245612,-0.0035
2016-05-14,0.0032954763837671746,0.0005645833942913036,-0.009840059778058479,-0.005980000000000002,-0.001
2016-05-15,0.0029557313009514396,0.0006562545806014845,0.003238014118447075,0.006849999999999999,0.0035
2016-05-16,0.002392582050875136,-0.00673491135787977,0.0122789959736713,0.007936666666666667,0.003
2016-05-17,0.002194764557554488,-0.0005467848790841143,-0.0020466696348022486,-0.0003986899563318752,0.0025
2016-05-18,0.002824518217399669,0.003821524810551391,0.001855083098175073,0.008501126126126133,0.0025
2016-05-19,0.0032131098397697303,0.0006010524680562842,-0.01199948145676219,-0.008185319148936176,0.002
2016-05-20,0.004873345879743303,0.00014108346043402507,0.005947724505976491,0.01096215384615382,0.003
2016-05-22,0.0071351691880139805,-0.001963207747286611,-0.011796961440727375,-0.006625000000000006,0.04085
2016-05-23,0.007428621568966361,0.0016000656702833244,-0.0082498828914236,0.0007788043478260846,-0.0025
2016-05-24,0.0072355621963970055,0.0024212099752193702,-0.0075001371005263264,0.0021566350710900493,0.0005
2016-05-25,0.007375723674712734,-0.004386126827803445,0.009460505822495222,0.012450102669404512,0.005
2016-05-26,0.007770605106008394,-0.003085476146792245,0.005972096474309856,0.010657225433526004,0.004
2016-05-27,0.008611597580255198,-0.0003568955008783479,0.0027506281639603338,0.011005330243337184,0.004
2016-05-28,0.006630376360538311,0.00726762810028735,0.028635328872507675,0.04253333333333333,0.0639
2016-05-29,0.004357978008889961,0.0005645833942913036,0.003597438596818735,0.00852,0.006999999999999999
2016-05-30,0.004708596107578712,0.0006562545806014845,-0.004798184021513532,0.0005666666666666645,-0.00655
2016-05-31,0.005239120433512898,-0.00673491135787977,0.010310128492424941,0.00881433756805807,0.003
2016-06-01,0.005279328803049697,-0.0005467848790841143,-0.002084383388848528,0.0026481605351170545,0.002
2016-06-02,0.004154395472140418,0.003821524810551391,0.008535035428263884,0.016510955710955694,-0.001
2016-06-03,0.0029776167850050395,0.0006010524680562842,0.003773971292083466,0.00735264054514479,0.002
2016-06-04,0.007721133094879825,0.00014108346043402507,-0.06791221655531385,-0.06004999999999999,-0.0394
2016-06-05,0.01219650106024779,-0.001963207747286611,-0.00947329331296118,0.0007599999999999988,0.005
2016-06-06,0.011631138522888348,0.0016000656702833244,-0.010020093082060564,0.003211111111111109,-0.001
2016-06-07,0.01172217562418914,0.0024212099752193702,0.0004356238345537408,0.01457900943396225,0.009500000000000001
2016-06-08,0.011916565504959713,-0.004386126827803445,-0.006376876023593612,0.0011535626535626557,0.003
2016-06-09,0.012141846536449454,-0.003085476146792245,-0.018600738205749156,-0.009544367816091949,0.003
2016-06-10,0.012334167185617516,-0.0003568955008783479,-0.013720151431574618,-0.0017428797468354504,0.003
2016-06-11,0.014248948127657262,0.00726762810028735,0.16658342377205537,0.1881,0.1881
2016-06-12,0.016670614794323926,0.0005645833942913036,-0.028971561824978866,-0.011736363636363635,-0.0233
2016-06-13,0.01735992867378952,0.0006562545806014845,-0.013023303997425064,0.004992879256965939,0.003
2016-06-14,0.01699745439264445,-0.00673491135787977,-0.003325379220583748,0.006937163814180932,0.003
2016-06-15,0.01684774833268731,-0.0005467848790841143,-0.006332712503032864,0.009968250950570332,0.006
2016-06-16,0.01764065846978345,0.003821524810551391,-0.005963449103119658,0.015498734177215182,0.005
2016-06-17,0.018710732748527106,0.0006010524680562842,-0.005561944960992372,0.013749840255591018,0.008
2016-06-18,0.013099264705113873,0.00014108346043402507,-0.02607368149888123,-0.012833333333333334,-0.0111
2016-06-19,0.008004491977841147,-0.001963207747286611,0.015308715769445464,0.02135,0.01475
2016-06-20,0.009188821651350824,0.0016000656702833244,-0.008866987585486392,0.0019218997361477566,0.002
2016-06-21,0.009683821182504153,0.0024212099752193702,-0.0063860902208599775,0.0057189409368635456,0.005
2016-06-22,0.009793968566944575,-0.004386126827803445,0.0004140197327203426,0.005821861471861472,0.0035
2016-06-23,0.00933665811200434,-0.003085476146792245,0.0017376352390889842,0.007988817204301078,0.003
2016-06-24,0.00914689712808563,-0.0003568955008783479,0.0018960134103866945,0.010686015037593977,0.004
2016-06-25,0.010325958757938554,0.00726762810028735,0.000956413141774093,0.018549999999999997,0.018549999999999997
2016-06-26,0.008139649234129027,0.0005645833942913036,0.006455767371579671,0.015160000000000002,0.0129
2016-06-27,0.005964542016330724,0.0006562545806014845,0.004636949881941023,0.011257746478873232,0.005
2016-06-28,0.007231253160518144,-0.00673491135787977,0.014035941661928533,0.014532283464566908,0.0055
2016-06-29,0.007690017610342044,-0.0005467848790841143,-0.001685974666741803,0.005457258064516126,0.0065
2016-06-30,0.007797056374850446,0.003821524810551391,-0.004413546860459054,0.007205034324942783,0.0035
2016-07-01,0.008873362800178027,0.0006010524680562842,0.00725581728990521,0.016730232558139522,0.005
2016-07-02,0.010216719405978241,0.00014108346043402507,0.006842197133587733,0.0172,0.0392
2016-07-04,0.010053043074059334,-0.001963207747286611,-0.07798983532677273,-0.0699,-0.0243
2016-07-05,0.010061119698905408,0.0016000656702833244,0.02060771226860653,0.03226889763779526,0.01
2016-07-06,0.01007914998838185,0.0024212099752193702,-0.0016605048911374565,0.010839855072463763,0.004
2016-07-07,0.010143738032474635,-0.004386126827803445,0.007788740726659269,0.013546351931330459,0.008
2016-07-08,0.010386366472819816,-0.003085476146792245,-0.004039478174960252,0.003261412151067319,0.002
2016-07-09,0.010187364207824144,-0.0003568955008783479,0.035719531293054205,0.04555,0.04555
2016-07-10,0.009009480721801123,0.00726762810028735,0.0050228911779115265,0.0213,0.0178
2016-07-11,0.010825003993256598,0.0005645833942913036,-0.0035625246812772877,0.007827062706270614,0.006999999999999999
2016-07-12,0.013359681191340577,0.0006562545806014845,0.004800893496350629,0.01881682926829269,0.004
2016-07-13,0.012728970679440043,-0.00673491135787977,0.0014839894589275269,0.0074780487804878,0.002
2016-07-14,0.012271467781356002,-0.0005467848790841143,0.0025952750809213818,0.01431995798319327,0.005
2016-07-15,0.012038135216378996,0.003821524810551391,-0.010723729290999656,0.005135930735930731,0.004
2016-07-16,0.010918433174449061,0.0006010524680562842,0.0017077870847673812,0.013227272727272726,0.01
2016-07-17,0.009019861745877631,0.00014108346043402507,-0.021438722984089435,-0.01227777777777778,0.009000000000000001
2016-07-18,0.007938906741391008,-0.001963207747286611,0.004436730384426667,0.010412429378531065,0.005
2016-07-19,0.007327309127568808,0.0016000656702833244,0.014000055007763424,0.022927429805615556,0.009000000000000001
2016-07-20,0.007396119454864386,0.0024212099752193702,-0.007295900858655187,0.00252142857142857,0.003
2016-07-21,0.008012805869914636,-0.004386126827803445,0.005428018243901334,0.009054697286012525,0.003
2016-07-22,0.008621805558314226,-0.003085476146792245,-0.004316574434492892,0.0012197549770290885,0.001
2016-07-23,0.007465573932796886,-0.0003568955008783479,0.009131321568081463,0.01624,0.009000000000000001
2016-07-24,0.003228262038342135,0.00726762810028735,-0.013045890138629487,-0.0025500000000000006,-0.00805
2016-07-25,0.0008043597277710142,0.0005645833942913036,4.137945858284642e-05,0.0014103225806451642,0.001
2016-07-26,0.0008312139889379585,0.0006562545806014845,0.006621367637357091,0.008108836206896534,0.009000000000000001
2016-07-27,0.001047696010558854,-0.00673491135787977,0.025799946353481065,0.020112731006160147,0.006
2016-07-28,0.0017507868842322623,-0.0005467848790841143,0.017748493373779747,0.018952495378927896,0.006
2016-07-29,0.002083814766776463,0.003821524810551391,0.011650045038056774,0.01755538461538463,0.006
2016-07-30,0.002776291284487001,0.0006010524680562842,-0.034944010419209956,-0.031566666666666666,-0.02025
2016-07-31,0.004046291284487002,0.00014108346043402507,-0.09031594617349245,-0.08612857142857143,-0.02225
2016-08-01,0.005305212586878924,-0.001963207747286611,0.01305195349374101,0.016393958333333323,0.006999999999999999
2016-08-02,0.006268709414181429,0.0016000656702833244,0.009829045079022965,0.01769782016348772,0.001
2016-08-03,0.005905807563371333,0.0024212099752193702,0.005485517280350794,0.013812534818941498,0.006999999999999999
2016-08-04,0.0043929236066572045,-0.004386126827803445,0.017443338722501256,0.017450135501355015,0.006999999999999999
2016-08-05,0.0031098668055135267,-0.003085476146792245,0.0021247068142029074,0.002149097472924189,0.005
2016-08-06,0.004460311823458544,-0.0003568955008783479,0.030596583677419804,0.0347,0.0334
2016-08-07,0.009562522707812285,0.00726762810028735,-0.002280150808099635,0.01455,0.0118
2016-08-08,0.01243948381662732,0.0005645833942913036,0.0065560518367004,0.019560119047619024,0.0065
2016-08-09,0.011555696167032711,0.0006562545806014845,0.004725000156758562,0.016936950904392758,0.01
2016-08-10,0.01120373733399603,-0.00673491135787977,-0.0033454614901349536,0.0011233644859813068,-0.001
2016-08-11,0.011479388683511555,-0.0005467848790841143,-0.015351492693316331,-0.004418888888888891,0.002
2016-08-12,0.011856544603563822,0.003821524810551391,-0.010676890962936765,0.005001178451178449,0.004
2016-08-13,0.01149558059607217,0.0006010524680562842,0.006703366935871542,0.018799999999999997,0.0178
2016-08-14,0.011318794881786456,0.00014108346043402507,-0.005093211675553813,0.006366666666666669,0.0383
2016-08-15,0.01131401619399555,-0.001963207747286611,-0.00489717716179274,0.0044536312849162,0.0015
2016-08-16,0.010902644328204002,0.0016000656702833244,-0.007610616975231509,0.0048920930232558175,0.0035
2016-08-17,0.011364155219356657,0.0024212099752193702,0.0029780494395703063,0.016763414634146333,0.008
2016-08-18,0.012080247203372876,-0.004386126827803445,0.01452337309701542,0.02221749347258485,0.01
2016-08-19,0.012195249877355813,-0.003085476146792245,-0.0011676684674056907,0.007942105263157877,0.003
2016-08-20,0.011691193207904408,-0.0003568955008783479,0.0074657022929739405,0.0188,0.0198
2016-08-21,0.011536669398380595,0.00726762810028735,0.006695702501332053,0.0255,0.015399999999999999
2016-08-22,0.01224948740466905,0.0005645833942913036,-0.004337755009486665,0.008476315789473688,0.0045000000000000005
2016-08-23,0.013304641216942257,0.0006562545806014845,0.002541446122830952,0.016502341920374693,0.01
2016-08-24,0.014176391157512238,-0.00673491135787977,0.007038798622641284,0.014480278422273752,0.006999999999999999
2016-08-25,0.014560389760428673,-0.0005467848790841143,-0.011738832154071835,0.002274772727272725,-0.001
2016-08-26,0.01476380407428624,0.003821524810551391,-0.017057737178298556,0.0015275917065390753,0.003
2016-08-27,0.014400252967431653,0.0006010524680562842,-0.006841305435487933,0.008160000000000004,0.0286
2016-08-28,0.012794598205526891,0.00014108346043402507,-0.00025568166596091966,0.012679999999999997,0.0109
2016-08-29,0.012367170260664735,-0.001963207747286611,0.007695239614281438,0.018099202127659562,0.008
2016-08-30,0.013526032052412573,0.0016000656702833244,0.005664731201466339,0.020790828924162237,0.008
2016-08-31,0.014096039907847994,0.0024212099752193702,0.008756427186132065,0.02527367706919943,0.006999999999999999
2016-09-01,0.01469502393732153,-0.004386126827803445,0.014150294809673832,0.024459191919191915,0.006
2016-09-02,0.01576871213248299,-0.003085476146792245,-0.001287228381128035,0.01139600760456271,0.010450000000000001
2016-09-03,0.016519455845567778,-0.0003568955008783479,-0.010995893678022763,0.005166666666666666,0.004
2016-09-04,0.016980884416996345,0.00726762810028735,-0.030073512517283695,-0.0058249999999999994,0.00945
2016-09-05,0.01684870533037513,0.0005645833942913036,0.010420044608666903,0.027833333333333335,-0.0045000000000000005
2016-09-06,0.016638526431135763,0.0006562545806014845,0.01229867353371727,0.029593454545454517,0.0119
2016-09-07,0.016390727741426154,-0.00673491135787977,0.007693569365839359,0.017349385749385743,0.0119
2016-09-08,0.015680384436480062,-0.0005467848790841143,0.001043618668023714,0.016177218225419662,0.009000000000000001
2016-09-09,0.015575814329555486,0.003821524810551391,-0.0017089234671937635,0.017688415672913113,0.01
2016-09-10,0.015484943412390291,0.0006010524680562842,-0.003065995880446577,0.013019999999999999,0.001
2016-09-11,0.015848276745723627,0.00014108346043402507,0.004750639793842346,0.020739999999999998,-0.002
2016-09-12,0.015897633731939167,-0.001963207747286611,-0.007596238282387185,0.006338187702265371,0.0109
2016-09-13,0.014810619014331594,0.0016000656702833244,0.010256149486239347,0.026666834170854265,0.0109
2016-09-14,0.014263695939759744,0.0024212099752193702,-0.004225597404340827,0.012459308510638287,0.01
2016-09-15,0.014377465061672806,-0.004386126827803445,0.007392609705393102,0.017383947939262463,0.0119
2016-09-16,0.014628858658338928,-0.003085476146792245,0.003999906079057335,0.015543288590604018,0.013399999999999999
2016-09-17,0.014124324619486104,-0.0003568955008783479,-0.015292429118607755,-0.0015249999999999999,-0.010100000000000001
2016-09-18,0.014038848429009914,0.00726762810028735,-0.010266476529297266,0.01104,0.0198
2016-09-19,0.01499207412383844,0.0005645833942913036,-0.003206328570761329,0.012350328947368415,0.0109
2016-09-20,0.014883232198635347,0.0006562545806014845,-0.0008994399408293632,0.014640046838407469,0.009000000000000001
2016-09-21,0.014333512311975395,-0.00673491135787977,0.009390346414325398,0.016988947368421024,0.0109
2016-09-22,0.014465992832594976,-0.0005467848790841143,0.005803984066439246,0.019723192019950108,0.009000000000000001
2016-09-23,0.014327493265896477,0.003821524810551391,0.003032444508586141,0.02118146258503401,0.01
2016-09-24,0.014902134721473873,0.0006010524680562842,-0.020103187189530157,-0.0046,0.003
2016-09-25,0.01600755138814054,0.00014108346043402507,0.019818031818092104,0.03596666666666667,0.004
2016-09-26,0.016352219127199724,-0.001963207747286611,0.0034128291108844067,0.01780184049079752,0.01
2016-09-27,0.01691935674845232,0.0016000656702833244,-0.0063638149421001294,0.012155607476635516,0.0109
2016-09-28,0.017051311343100728,0.0024212099752193702,-0.007894142939941718,0.011578378378378381,0.01
2016-09-29,0.016044589066466764,-0.004386126827803445,0.01031587041020731,0.02197433264887063,0.0109
2016-09-30,0.015331703927172738,-0.003085476146792245,-0.005171311766942646,0.007074916013437848,0.01
2016-10-01,0.01586689652526699,-0.0003568955008783479,0.0075233323089446925,0.023033333333333336,0.0034999999999999996
2016-10-02,0.01499346965451869,0.00726762810028735,-0.004827764421472708,0.017433333333333332,0.001
2016-10-03,0.013820338446514018,0.0005645833942913036,0.0012227704668869642,0.015607692307692286,0.0129
2016-10-04,0.014302922659679735,0.0006562545806014845,0.0123033596328751,0.02726253687315632,0.0149
2016-10-05,0.015011259290456625,-0.00673491135787977,-0.00021516194874936657,0.008061185983827488,0.01
2016-10-06,0.015369480314424191,-0.0005467848790841143,-0.014359965776547426,0.0004627296587926501,0.006999999999999999
2016-10-07,0.015580016417410445,0.003821524810551391,0.0010795998179969402,0.020481141045958776,0.009000000000000001
2016-10-08,0.014613926795671488,0.0006010524680562842,-0.004129264978013487,0.011085714285714286,0.0139
2016-10-09,0.011334085492953217,0.00014108346043402507,-0.015650168953387243,-0.004175000000000002,-0.004200000000000001
2016-10-10,0.009139508680646499,-0.001963207747286611,0.017919532399973445,0.025095833333333335,0.0144
2016-10-11,0.009323914594589115,0.0016000656702833244,0.007449992337867278,0.018373972602739718,0.0139
2016-10-12,0.009764690228733509,0.0024212099752193702,0.013007538710074245,0.025193438914027123,0.01
2016-10-13,0.01011371294593057,-0.004386126827803445,0.012661874666186589,0.018389460784313715,0.010450000000000001
2016-10-14,0.0122819113013871,-0.003085476146792245,0.0073583636070150196,0.016554798761609875,0.012400000000000001
2016-10-17,0.01414776389769595,-0.0003568955008783479,-0.027287927220347008,-0.013497058823529409,0.0
2016-10-18,0.014873366017529609,0.00726762810028735,-0.060012825103732445,-0.03787183098591548,0.006
2016-10-19,0.015849908408134498,0.0005645833942913036,-0.00694978592007286,0.009464705882352941,0.0144
2016-10-20,0.015836890720904804,0.0006562545806014845,0.022075743587382592,0.03856888888888888,0.009500000000000001
2016-10-21,0.012222396048650334,-0.00673491135787977,0.003609067033367366,0.00909655172413793,0.008
2016-10-22,0.008649792487995302,-0.0005467848790841143,0.0010969923910888121,0.0092,0.0092
2016-10-24,0.00808944555616037,0.003821524810551391,0.060542454290822466,0.07245342465753422,0.0218
2016-10-25,0.008071781544267605,0.0006010524680562842,0.002684469358462626,0.011357303370786515,0.009000000000000001
2016-10-26,0.010581349505656415,0.00014108346043402507,0.00514783730417983,0.01587027027027027,0.005
2016-10-27,0.013212077834417975,-0.001963207747286611,0.021144879912868633,0.03239375,0.009500000000000001
2016-10-28,0.012722343035736598,0.0016000656702833244,-0.003610848012378301,0.010711560693641622,0.004
2016-10-29,0.012008095035222764,0.0024212099752193702,-0.08277930501044213,-0.06835,-0.06835
2016-10-30,0.011915714467694028,-0.004386126827803445,0.004370412360109418,0.0119,0.0119
2016-10-31,0.009457700552334681,-0.003085476146792245,0.0009823210490030217,0.007354545454545457,0.008
2016-11-01,0.006488689405741049,-0.0003568955008783479,-0.010923191754325063,-0.0047913978494623635,0.006
2016-11-02,0.006806340960797382,0.00726762810028735,0.009616441897819367,0.023690410958904097,0.0119
2016-11-03,0.00607622858637372,0.0005645833942913036,0.014922045162192128,0.02156285714285715,0.0065
2016-11-04,0.0049352651092198505,0.0006562545806014845,0.007166643575484786,0.012758163265306122,0.0109
2016-11-06,0.007992423365515462,-0.00673491135787977,0.013650821325697643,0.014908333333333334,0.003
2016-11-07,0.01104831781820115,-0.0005467848790841143,-0.009699970439117033,0.0008015625000000015,0.0055
2016-11-08,0.012345984808758821,0.003821524810551391,-0.004140037091837689,0.012027472527472523,0.0129
2016-11-09,0.01339501100245435,0.0006010524680562842,-0.02534512007428423,-0.011349056603773597,0.016399999999999998
2016-11-10,0.01441841849099592,0.00014108346043402507,0.032911371834977776,0.04747087378640772,0.008
2016-11-12,0.012943172373489954,-0.001963207747286611,-0.030629964626203342,-0.01965,-0.0141
2016-11-13,0.010195993073198408,0.0016000656702833244,0.019012274589851604,0.030808333333333337,0.01735
2016-11-14,0.009364061544429264,0.0024212099752193702,-0.014631612983063265,-0.002846341463414629,0.005
2016-11-15,0.009578384492641196,-0.004386126827803445,0.0267691284737761,0.03196138613861385,0.0237
2016-11-16,0.009739359198373109,-0.003085476146792245,0.01697395199996553,0.023627835051546395,0.0159
2016-11-17,0.010518622993876799,-0.0003568955008783479,-0.0018536815159869548,0.008308045977011496,0.0109
2016-11-18,0.009992700951639864,0.00726762810028735,0.021986047759666994,0.03924637681159421,0.0286
2016-11-19,0.010280758180356595,0.0005645833942913036,-0.04614534157464789,-0.0353,-0.0353
2016-11-20,0.011431236496683126,0.0006562545806014845,-0.019387491077284612,-0.007300000000000001,-0.001
2016-11-21,0.011435008702627586,-0.00673491135787977,0.006972316448355632,0.011672413793103449,0.002
2016-11-22,0.01134834449885965,-0.0005467848790841143,-0.0007630350296116001,0.010038524590163935,0.010450000000000001
2016-11-23,0.010944919149336384,0.003821524810551391,-0.007468641762085577,0.007297802197802199,0.0169
2016-11-24,0.01036541434791267,0.0006010524680562842,0.004233533184031045,0.0152,0.0152
2016-11-27,0.007149449512869876,0.00014108346043402507,-0.0010945329733038996,0.006196000000000002,-0.004
2016-11-28,0.006087856255356429,-0.001963207747286611,0.02556582768240636,0.02969047619047618,0.0178
2016-11-29,0.008510663076715106,0.0016000656702833244,0.0035705212530015647,0.013681249999999995,0.012400000000000001
2016-11-30,0.010152196295366553,0.0024212099752193702,0.0018129573657777202,0.014386363636363643,0.0139
2016-12-01,0.010913675972951897,-0.004386126827803445,0.005774534188184899,0.01230208333333335,0.0109
2016-12-02,0.010817535958835037,-0.003085476146792245,0.024259168258132655,0.031991228070175445,0.0198
2016-12-04,0.011225510110033978,-0.0003568955008783479,-0.027150096090637107,-0.01628148148148148,0.004
2016-12-05,0.013485673487012675,0.00726762810028735,-0.04696441269841114,-0.02621111111111111,0.0119
2016-12-06,0.014826996327776888,0.0005645833942913036,-0.014958703009739418,0.00043287671232877334,0.009000000000000001
2016-12-07,0.015124780380754516,0.0006562545806014845,0.009024679324358272,0.02480571428571427,0.01735
2016-12-08,0.01591161019630595,-0.00673491135787977,0.01635293079120346,0.025529629629629638,0.0129
2016-12-09,0.016647077152357144,-0.0005467848790841143,0.001402447452754368,0.017502739726027398,0.002
2016-12-11,0.016152911268898496,0.003821524810551391,-0.022832769412783217,-0.0028583333333333303,0.00795
2016-12-12,0.016705253297269587,0.0006010524680562842,0.019473105999380007,0.03677941176470588,0.01535
2016-12-13,0.019898349863500486,0.00014108346043402507,0.027861729466763147,0.04790116279069766,0.01585
2016-12-14,0.020652349886091506,-0.001963207747286611,0.006853210802371572,0.025542352941176467,0.0159
2016-12-15,0.020101893482172527,0.0016000656702833244,0.004465367580217415,0.026167326732673267,0.005
2016-12-16,0.02016910531665663,0.0024212099752193702,0.0013412064472544402,0.02393152173913044,0.00995
2016-12-17,0.02039044124255813,-0.004386126827803445,0.007345685585245316,0.02335,0.02335
2016-12-18,0.021358498157104767,-0.003085476146792245,-0.011166355343645856,0.007106666666666666,0.009000000000000001
2016-12-19,0.021879173927412888,-0.0003568955008783479,0.002546378289883372,0.024068656716417912,0.01
2016-12-20,0.020974405508417386,0.00726762810028735,-0.005396579063250182,0.022845454545454554,0.00995
2016-12-21,0.01889747160784463,0.0005645833942913036,-0.04697374331382426,-0.02751168831168832,0.0
2016-12-22,0.017738960459541694,0.0006562545806014845,0.018942284959856823,0.0373375,0.0085
2016-12-23,0.018323132141753733,-0.00673491135787977,0.0032915544970249034,0.014879775280898866,0.009000000000000001
2016-12-24,0.018527927876481203,-0.0005467848790841143,0.01636885700260291,0.03435,0.03435
2016-12-25,0.017798710155321546,0.003821524810551391,-0.014220234965872937,0.0074,0.0074
2016-12-26,0.017712744135624958,0.0006010524680562842,0.02278620339631876,0.041100000000000005,0.0109
2016-12-27,0.018355508796495282,0.00014108346043402507,-0.00024953343339989965,0.018247058823529408,0.0237
2016-12-28,0.020425641113231755,-0.001963207747286611,-0.02142012567363745,-0.002957692307692306,0.0005
2016-12-29,0.021149851978983406,0.0016000656702833244,-0.0005208578202069067,0.022229059829059823,0.0129
2016-12-30,0.02056770096799094,0.0024212099752193702,0.021237684801470542,0.04422659574468085,0.01585
2017-01-01,0.019583304130976618,-0.004386126827803445,-0.006407970736354423,0.008789206566818749,0.0061616061275550004
2017-01-02,0.018593318741422775,-0.003085476146792245,-0.014258478687252926,0.0012493639073776028,0.00538653215659
2017-01-03,0.018085753034862515,-0.0003568955008783479,0.009790053390218195,0.02751891092420236,0.0132998359366
2017-01-04,0.017952670477460693,0.00726762810028735,0.012172312264291222,0.037392610842039264,0.007100221566979999
2017-01-05,0.019572167335399446,0.0005645833942913036,-0.004231890469342527,0.015904860260348222,0.01654816870775
2017-01-06,0.020568680298760255,0.0006562545806014845,-0.007026079210352031,0.014198855669009709,0.012513233390499999
2017-01-07,0.017247235037495996,-0.00673491135787977,0.011205867624483782,0.021718191304100007,-0.0137227251605
2017-01-08,0.014131842353506167,-0.0005467848790841143,-0.013636584934024105,-5.152745960205177e-05,0.00291503294407
2017-01-09,0.014691951785657574,0.003821524810551391,-0.004431540044114545,0.01408193655209442,0.0103022745337
2017-01-10,0.014578044812576383,0.0006010524680562842,0.005027126383585616,0.020206223664218283,0.0113150340202
2017-01-11,0.013771294037477877,0.00014108346043402507,0.02150214605414831,0.03541452355206021,0.0123399323975
2017-01-12,0.013577886572864684,-0.001963207747286611,0.013606076160483845,0.025220754986061918,0.011163779867100002
2017-01-13,0.013706210353600078,0.0016000656702833244,0.006646699485524776,0.02195297550940818,0.01037651786
2017-01-14,0.013402311671389824,0.0024212099752193702,-0.06432130889767586,-0.04849778725106666,-0.0361080964677
2017-01-15,0.01297085932942968,-0.004386126827803445,0.0056978619092247435,0.014282594410850977,0.0159190062486
2017-01-16,0.012756381889976964,-0.003085476146792245,0.0017681344204000474,0.011439040163584767,0.0005294099267865
2017-01-17,0.012678274352872458,-0.0003568955008783479,0.0018184605697276904,0.014139839421721801,0.0146228087415
2017-01-18,0.012257407982784697,0.00726762810028735,0.008657624558689656,0.028182660641761705,0.0122503834199
2017-01-19,0.012224068439371905,0.0005645833942913036,0.006910749617793173,0.01969940145145638,0.0105421716593
2017-01-20,0.012805107805875616,0.0006562545806014845,0.0005360179520155001,0.0139973803384926,0.00987501349917
2017-01-21,0.013539155285629028,-0.00673491135787977,0.00660625960498074,0.013410503532729998,0.01593109252795
2017-01-22,0.014069649333645625,-0.0005467848790841143,-0.01734736971767762,-0.0038245052631161076,0.000386047473341
2017-01-23,0.014487976132018233,0.003821524810551391,-0.006459954891637103,0.011849546050932521,0.0117299381959
2017-01-24,0.01532559245361995,0.0006010524680562842,0.004324958204777752,0.020251603126453986,0.01363899358715
2017-01-25,0.01592275383558449,0.00014108346043402507,0.007521048431348653,0.023584885727367166,0.014010877743899999
2017-01-26,0.01645817796220407,-0.001963207747286611,0.021621915380279397,0.03611688559519686,0.00918783034071
2017-01-27,0.01737413914091148,0.0016000656702833244,0.008351742351182275,0.02732594716237708,0.0119033720682
2017-01-28,0.017092981900376746,0.0024212099752193702,-0.05283162134653612,-0.033317429470940005,-0.0155127083197
2017-01-29,0.016657933511111972,-0.004386126827803445,0.0016842632918804773,0.013956069975189004,0.0132533683587
2017-01-30,0.018142489451860602,-0.003085476146792245,0.008421701648611394,0.02347871495367975,0.010013312726765
2017-01-31,0.019297561345189757,-0.0003568955008783479,0.006612755792163516,0.025553421636474925,0.011091404019750001
2017-02-01,0.01963629829081518,0.00726762810028735,0.006585670730913098,0.03348959712201563,0.0116355022549
2017-02-02,0.019225618826760136,0.0005645833942913036,0.009594138295499327,0.029384340516550766,0.017063723706550002
2017-02-03,0.01844381641821674,0.0006562545806014845,0.0108592832783875,0.029959354277205724,0.0139347645525
2017-02-04,0.021144852965000713,-0.00673491135787977,-0.02483381474807666,-0.010423873140955714,-0.00947694930138
2017-02-05,0.0235393835676075,-0.0005467848790841143,-0.015164082177367413,0.00782851651115597,-0.00693421602946
2017-02-06,0.022126577573914154,0.003821524810551391,0.01581598823315656,0.0417640906176221,0.0146292798857
2017-02-07,0.021375832497198505,0.0006010524680562842,0.0007021866077259482,0.022679071572980738,0.00997033855045
2017-02-08,0.021487559326013105,0.00014108346043402507,0.009013408971905057,0.030642051758352187,0.01079770931155
2017-02-09,0.02113578408176803,-0.001963207747286611,-0.0016118817638107828,0.017560694570670637,0.00648328945671
2017-02-10,0.020477291923026344,0.0016000656702833244,0.0019143131543786205,0.02399167074768829,0.00840034118296
2017-02-11,0.02086226426789185,0.0024212099752193702,0.022362396010588783,0.045645870253700004,0.0676006756953
2017-02-12,0.020955816450369934,-0.004386126827803445,-0.01453006249902749,0.002039627123539,0.0255627741759
2017-02-13,0.019211780087565,-0.003085476146792245,-0.020289713958856682,-0.004163410018083926,0.0060604443863500005
2017-02-14,0.017924067461148704,-0.0003568955008783479,0.0146075124999301,0.032174684460200456,0.008071821844985
2017-02-15,0.017242660950310726,0.00726762810028735,0.005486396454500906,0.029996685505098982,0.007942460126750001
2017-02-16,0.016518360623959494,0.0005645833942913036,0.005944601276354473,0.02302754529460527,0.007873331328665
2017-02-17,0.016140446006731052,0.0006562545806014845,0.0010816684670515208,0.017878369054384058,0.00606594880607
2017-02-18,0.015436797393410867,-0.00673491135787977,0.003734451702568903,0.0124363377381,0.0124363377381
2017-02-19,0.014872986217137422,-0.0005467848790841143,-0.02673843459656664,-0.012412233258513332,-0.00969076868064
2017-02-20,0.015648352138731735,0.003821524810551391,-0.0062980547205298935,0.013171822228753233,0.00708951214989
2017-02-21,0.01558381623697206,0.0006010524680562842,-0.0009694822828349645,0.01521538642219338,0.00476392462412
2017-02-22,0.014663934033220133,0.00014108346043402507,0.004221337112021978,0.019026354605676137,0.0078288691971
2017-02-23,0.014504325097048793,-0.001963207747286611,-0.003645134764250055,0.008895982585512127,0.0023525364878400003
2017-02-24,0.014613670098815838,0.0016000656702833244,0.005861037681351371,0.022074773450450533,0.00225237076953
2017-02-25,0.013402598543467472,0.0024212099752193702,0.012036797859285662,0.027860606377972504,0.0279185734585
2017-02-26,0.012667961323308883,-0.004386126827803445,-0.004243656431895465,0.004038178063609972,-0.00185279443971
2017-02-27,0.013156791983548905,-0.003085476146792245,0.005476969009729334,0.015548284846485993,0.00888543909267
2017-02-28,0.012764802341771917,-0.0003568955008783479,-0.001751922494534013,0.010655984346359556,0.00435248978116
2017-03-01,0.012551302521953465,0.00726762810028735,0.0059397532916450795,0.025758683913885895,0.00420319076073
2017-03-02,0.013092078169540876,0.0005645833942913036,0.00913983510918865,0.02279649667302083,0.007949166412275
2017-03-03,0.013337475762943337,0.0006562545806014845,0.00717734738190099,0.02117107772544581,0.00480023855984
2017-03-04,0.014537371623576656,-0.00673491135787977,-0.032568834748412885,-0.024766374482716,-0.0199815267365
2017-03-05,0.01406569107374514,-0.0005467848790841143,-0.009298269396798871,0.0042206367978621555,0.00013084046289700002
2017-03-06,0.012406777950536692,0.003821524810551391,-0.006002092101989695,0.010226210659098388,0.0061678137639850006
2017-03-07,0.012618830926855869,0.0006010524680562842,-0.006034595372819582,0.0071852880220925714,0.004662966749605001
2017-03-08,0.01228515233991083,0.00014108346043402507,0.008652222250515422,0.021078458050860276,0.00822870487217
2017-03-09,0.011827296964715186,-0.001963207747286611,0.012121508055346945,0.02198559727277552,0.00540839932691
2017-03-10,0.01093174250164277,0.0016000656702833244,0.0033244832065298714,0.015856291378455966,0.00190342477106
2017-03-11,0.0091434924869514,0.0024212099752193702,0.05611147008552923,0.0676761725477,0.0676761725477
2017-03-12,0.006184950074253086,-0.004386126827803445,-0.05078326674784964,-0.0489844435014,-0.0489844435014
2017-03-13,0.004198223413962197,-0.003085476146792245,0.021008591694489483,0.022121338961659433,-0.00010224408785750012
2017-03-14,0.004714954161777304,-0.0003568955008783479,0.005662354907224145,0.010020413568123101,0.00508849708623
2017-03-15,0.00509243696864137,0.00726762810028735,0.004691189188732506,0.017051254257661227,0.00178833888908
2017-03-16,0.004817616530944055,0.0005645833942913036,0.013301775898532129,0.018683975823767487,0.00422613170483
2017-03-17,0.004470233026399451,0.0006562545806014845,-0.004918413998329461,0.00020807360867147477,0.002413047711045
2017-03-18,-0.00027906403769676854,-0.00673491135787977,-0.04686039538172346,-0.0538743707773,-0.0266763500845
2017-03-19,-0.003838686523601233,-0.0005467848790841143,-0.04512508306042131,-0.049510554463106655,0.0031996845000799995
2017-03-20,-0.003735310342186003,0.003821524810551391,0.008242840963556963,0.008329055431922352,0.0004641968652155
2017-03-21,-0.004563139301036612,0.0006010524680562842,0.02751299102107188,0.02355090418809155,0.00237780876713
2017-03-22,-0.004637882288884312,0.00014108346043402507,0.019779159305505403,0.015282360477055116,0.00177539901113
2017-03-23,-0.005109096194878804,-0.001963207747286611,0.02715902653322126,0.020086722591055848,0.00518799562062
2017-03-24,-0.004924912348884101,0.0016000656702833244,0.011353274611527577,0.008028427932926801,0.00092459422815
2017-03-25,-0.0022797330671593856,0.0024212099752193702,-0.057617758709524985,-0.057476281801465,-0.057476281801465
2017-03-26,0.0018470184022152864,-0.004386126827803445,-0.02096231033197184,-0.023501418757559997,-0.0016483661877
2017-03-27,0.004396205244987711,-0.003085476146792245,-0.0017778818007495806,-0.0004671527025541149,0.00460898450487
2017-03-28,0.005240560304066213,-0.0003568955008783479,0.0045460295813316955,0.009429694384519561,0.0028305456734
2017-03-29,0.005408123729256468,0.00726762810028735,0.002873417951985378,0.015549169781529197,0.0030005412428750003
2017-03-30,0.004787960425728422,0.0005645833942913036,0.0016395271120340292,0.006992070932053755,0.003086205507085
2017-03-31,0.00455915757213889,0.0006562545806014845,0.011841714035496486,0.01705712618823686,0.0018505904255049998
2017-04-01,0.007798108782465181,-0.00673491135787977,0.0022783991068412593,0.003341596531426671,0.012377680760080001
2017-04-02,0.011869429331508037,-0.0005467848790841143,-0.0025001250817664224,0.0088225193706575,0.00736367053808
2017-04-03,0.0129296597689519,0.003821524810551391,0.004622028616282782,0.021373213195786073,0.00220513644706
2017-04-04,0.013110004054073377,0.0006010524680562842,0.02043763155629623,0.034148688078425894,0.004397490045050001
2017-04-05,0.013483452342979573,0.00014108346043402507,-0.004248183311365695,0.009376352492047903,-0.000699505657189
2017-04-06,0.014160954492681524,-0.001963207747286611,-0.003569588668117107,0.008628158077277806,0.005715928088025
2017-04-07,0.014199881094577201,0.0016000656702833244,-0.002719434218662589,0.013080512546197937,0.008570782159215001
2017-04-08,0.014336804357822313,0.0024212099752193702,0.011404253141358317,0.0281622674744,0.0281622674744
2017-04-09,0.015454175930806661,-0.004386126827803445,-0.006211041763228216,0.004857007339775,0.0032511701326500006
2017-04-10,0.015543335827067439,-0.003085476146792245,-0.01159698623173618,0.0008608734485390131,0.000994405438912
2017-04-11,0.014387010147852717,-0.0003568955008783479,-0.0008788064301465747,0.013151308216827794,0.00206727177292
2017-04-12,0.013432224754735041,0.00726762810028735,0.0015842551835721216,0.022284108038594513,-0.000221352282616
2017-04-13,0.013323891554782223,0.0005645833942913036,0.005338717917569482,0.019227192866643008,0.004631339963409999
2017-04-14,0.013035313710869276,0.0006562545806014845,-0.007779619184744154,0.005911949106726607,7.144508985269999e-05
2017-04-15,0.010973831863430148,-0.00673491135787977,0.014081704478249621,0.0183206249838,0.0183206249838
2017-04-16,0.010387270216847024,-0.0005467848790841143,0.01528940962408309,0.025129894961846,0.0164627660708
2017-04-17,0.011471012121973385,0.003821524810551391,-0.007730222232625471,0.007562314699899305,0.001972713487935
2017-04-18,0.011610099597362537,0.0006010524680562842,0.0033713154908817274,0.015582467556300548,0.001698374398445
2017-04-19,0.01147326617233511,0.00014108346043402507,-0.010405767625890813,0.001208582006878323,0.0005104991759584999
2017-04-20,0.010840453462767241,-0.001963207747286611,0.004885353248287731,0.013762598963768361,-0.0036515792072
2017-04-21,0.010495250644588039,0.0016000656702833244,-0.012229424284726504,-0.00013410796985513973,-0.00138523736992
2017-04-22,0.011107672258317786,0.0024212099752193702,-0.02987348597137966,-0.0163446037378425,-0.015193106008020001
2017-04-23,0.010449734380934383,-0.004386126827803445,0.026876544894559064,0.03294015244769,0.0208341611788
2017-04-24,0.009796142283639108,-0.003085476146792245,-0.0035881644526847348,0.0031225016841621273,0.00227489092719
2017-04-25,0.009858983196488891,-0.0003568955008783479,0.00528204159649043,0.014784129292100974,0.004245787156455
2017-04-26,0.009510624978121478,0.00726762810028735,4.169798414453262e-05,0.01681995106255336,0.00139148648641
2017-04-27,0.009728652496524673,0.0005645833942913036,-0.0033206419160321013,0.006972593974783875,0.004319413980374999
2017-04-28,0.010191125444096331,0.0006562545806014845,-0.0023465109351297362,0.00850086908956808,0.000299797338984
2017-04-29,0.009965822811399978,-0.00673491135787977,0.029648598731871225,0.03287951018539143,0.0243365882703
2017-04-30,0.008110167250301408,-0.0005467848790841143,-0.015414633177698067,-0.007851250806480775,0.000670635763173
2017-05-01,0.00725634996672464,0.003821524810551391,0.011165006966682349,0.02224288174395838,0.00668597019794
2017-05-02,0.007157361577591941,0.0006010524680562842,-0.005096967973612844,0.002661446072035381,0.005552960239075
2017-05-03,0.006048520434047931,0.00014108346043402507,-0.001814030517626003,0.004375573376855953,0.0032309506973350003
2017-05-04,0.005920030657317061,-0.001963207747286611,0.012743555199049688,0.01670037810908014,0.00767193875477
2017-05-05,0.006346098624947255,0.0016000656702833244,0.0019311911216089426,0.009877355416839522,0.00418499304992
2017-05-06,0.0042788677546515275,0.0024212099752193702,-0.0393646185699059,-0.032664540840035,-0.032664540840035
2017-05-07,0.001232138795807931,-0.004386126827803445,0.0004557218711180146,-0.0026982661608775,-0.0036607400938050002
2017-05-08,0.0012684778251474647,-0.003085476146792245,0.01667103467422492,0.01485403635258014,0.007765781804055001
2017-05-09,0.002679134557187745,-0.0003568955008783479,-0.002041319328341965,0.000280919727967432,0.003813746064595
2017-05-10,0.0032576853809418477,0.00726762810028735,-0.010249704873774572,0.0002756086074546266,-0.0004723945801619999
2017-05-11,0.0036599958219927318,0.0005645833942913036,0.015694643465134207,0.01991922268141824,0.00357999476351
2017-05-12,0.0038731795751218235,0.0006562545806014845,0.0029547093208558105,0.007484143476579119,0.0038917534594
2017-05-13,0.013218586293802109,-0.00673491135787977,-0.030469903505822342,-0.0239862285699,-0.0239862285699
2017-05-14,0.02316056807122327,-0.0005467848790841143,-0.058907706090949155,-0.03629392289881,0.00210855555328
2017-05-15,0.023692882658644707,0.003821524810551391,0.02418863918859842,0.051703046657794516,0.00750384484712
2017-05-16,0.02389816167985018,0.0006010524680562842,-0.011799544492579365,0.0126996696553271,0.005757235002189999
2017-05-17,0.024195987755295408,0.00014108346043402507,-0.0138002983570503,0.010536772858679133,0.00601536000091
2017-05-18,0.023527763155719156,-0.001963207747286611,0.00023931556824915122,0.021803870976681697,0.006471568268050001
2017-05-19,0.022668214826691357,0.0016000656702833244,-0.013525272860122154,0.010743007636852528,0.00210810031837
2017-05-20,0.024228506787040034,0.0024212099752193702,0.20149147830074063,0.228141195063,0.228141195063
2017-05-21,0.026691697168249585,-0.004386126827803445,-0.007434082636566139,0.01487148770388,0.00437199770745
2017-05-22,0.024342014649046118,-0.003085476146792245,-0.009067447566630945,0.012189090935622928,0.00169909148506
2017-05-23,0.02173179919904846,-0.0003568955008783479,-0.012681225959492231,0.008693677738677881,0.0002472257897329999
2017-05-24,0.022347398713312212,0.00726762810028735,-0.029413046104388992,0.0002019807092105682,0.0020655544279
2017-05-25,0.022029313265717086,0.0005645833942913036,-0.02131133486848126,0.0012825617915271303,0.0005102481611905
2017-05-26,0.021790733690003592,0.0006562545806014845,-0.0203935371169131,0.002053451153691979,0.00251894633519
2017-05-27,0.016034318629542525,-0.00673491135787977,0.01583323137108724,0.025132638642749994,0.033764004035349994
2017-05-28,0.010150728448994666,-0.0005467848790841143,-0.02604740300750305,-0.016443459437592498,-0.004643901628685
2017-05-29,0.009964620247310804,0.003821524810551391,-0.0477246723989822,-0.03393852734112,-0.0115202594098
2017-05-30,0.00985597506370307,0.0006010524680562842,0.014798183522547961,0.025255211054307315,0.008112767430675
2017-05-31,0.010654840914034874,0.00014108346043402507,0.004422093484614863,0.015218017859083763,0.004038952544935
2017-06-01,0.011662115801883678,-0.001963207747286611,-0.0014826746109834008,0.008216233443613667,0.00457918611715
2017-06-02,0.012970633284706762,0.0016000656702833244,0.003079718094952538,0.017650417049942625,0.00367991681838
2017-06-03,0.010604664496505413,0.0024212099752193702,0.04702828948527522,0.060054163957,0.060054163957
2017-06-04,0.008338156763559312,-0.004386126827803445,0.014265963818784134,0.01821799375454,0.01532735310905
2017-06-05,0.01095250809290076,-0.003085476146792245,-0.004235476708293783,0.0036315552378147317,0.00294518996024
2017-06-06,0.012747693647149736,-0.0003568955008783479,0.0018183501491981632,0.014209148295469551,0.00443354338642
2017-06-07,0.012813823927996203,0.00726762810028735,-0.0030266980665741025,0.01705475396170945,0.00515143076741
2017-06-08,0.01254931587332517,0.0005645833942913036,-0.0004804138688217275,0.012633485398794745,0.00381069439174
2017-06-09,0.012188548536840354,0.0006562545806014845,0.014496213948028901,0.02734101706547074,0.00717600351383
2017-06-10,0.010163949960390868,-0.00673491135787977,-0.06983109194117776,-0.06640205333866665,-0.0554412559583
2017-06-11,0.0076943081576991085,-0.0005467848790841143,0.0044814927427183375,0.011629016021333332,0.024142630945
2017-06-12,0.007588756789162343,0.003821524810551391,-0.00021944717819896318,0.011190834421514771,0.0056542259114
2017-06-13,0.008027308760113393,0.0006010524680562842,0.021762683582474157,0.030391044810643836,0.00694277592633
2017-06-14,0.00763168883890871,0.00014108346043402507,0.0041610596671055825,0.011933831966448318,0.00360099309867
2017-06-15,0.007543194566074354,-0.001963207747286611,-0.0014857930133276263,0.0040941938054601165,0.001901973261785
2017-06-16,0.007279251850569372,0.0016000656702833244,0.0027916537456686608,0.011670971266521358,0.0026719893869250003
2017-06-17,0.00837818637180703,0.0024212099752193702,-0.001454546747190688,0.009344849599835713,0.00103930373519
2017-06-18,0.010629453117831434,-0.004386126827803445,-0.006465988653692988,-0.00022266236366500001,-0.003472288904865
2017-06-19,0.0116902137206359,-0.003085476146792245,0.01051203546314668,0.019116773036990335,0.00273006731743
2017-06-20,0.01141085474729598,-0.0003568955008783479,-5.0573563494314406e-05,0.011003385682923318,0.005966918385310001
2017-06-21,0.010829124428976943,0.00726762810028735,-0.008913593748739672,0.009183158780524621,0.00384597995998
2017-06-22,0.011011031731112304,0.0005645833942913036,0.006451625815213932,0.01802724094061754,0.00660707860619
2017-06-23,0.011048604310984849,0.0006562545806014845,0.0028520065979221578,0.014556865489508491,0.00605187440601
2017-06-24,0.009378487661633001,-0.00673491135787977,-0.02549131147180323,-0.022847735168050002,-0.02471883460755
2017-06-25,0.007498679550078599,-0.0005467848790841143,0.024158272068405512,0.031110166739399998,0.031689770431499995
2017-06-26,0.00726159861893686,0.003821524810551391,0.010327857152484842,0.021410980581973094,0.00519096072658
2017-06-27,0.007520001667767532,0.0006010524680562842,0.004227793260844,0.012348847396667816,0.00772304920148
2017-06-28,0.007827642407852786,0.00014108346043402507,0.005718854599204458,0.01368758046749127,0.006931482814285
2017-06-29,0.007970415751286188,-0.001963207747286611,0.0014266417602077208,0.0074338497642072975,0.00387173735987
2017-06-30,0.00828169190736352,0.0016000656702833244,-0.0004984100334414552,0.00938334754420539,0.007265548527870001
2017-07-01,0.009385143170925737,0.0024212099752193702,-0.0469371460058451,-0.03513079285969999,-0.0214782032121
2017-07-02,0.01229543780328163,-0.004386126827803445,-0.016290958003130688,-0.008381647027652503,0.0022915548501450003
2017-07-03,0.013791939442917926,-0.003085476146792245,0.00993102833288344,0.02063749162900912,0.010450478920799998
2017-07-04,0.013151279451704792,-0.0003568955008783479,0.0039235685073368875,0.01671795245816333,0.01789777847195
2017-07-05,0.013208819102871406,0.00726762810028735,-0.008393914475487079,0.012082532727671678,0.0114400133574
2017-07-06,0.013306724488480392,0.0005645833942913036,0.0052542127268340524,0.019125520609605748,0.008387563021590001
2017-07-07,0.013664427569772885,0.0006562545806014845,0.007853636040311219,0.022174318190685587,0.0107734569705
2017-07-08,0.01614296783204948,-0.00673491135787977,-0.008976608963654709,0.000431447510515,0.000431447510515
2017-07-09,0.0205054323276659,-0.0005467848790841143,0.06936058631821822,0.0893192337668,0.0893192337668
2017-07-10,0.022660290539530833,0.003821524810551391,-0.021377855885692826,0.005103959464389398,0.00792718015745
2017-07-11,0.022410001903214925,0.0006010524680562842,-0.01229366561098753,0.01071738876028368,0.00764126530498
2017-07-12,0.02252152073504699,0.00014108346043402507,-0.0057324548589403656,0.016930149336540648,0.00838129225485
2017-07-13,0.022860756035426495,-0.001963207747286611,-0.01396491659593035,0.006932631692209535,0.01039018422
2017-07-14,0.02262131768299386,0.0016000656702833244,-0.004321131460884234,0.019900251892392952,0.0077263384377599985
2017-07-15,0.023719608738444,0.0024212099752193702,-0.002389388577806225,0.023751430135857145,0.0153275043714
2017-07-16,0.022937191910498818,-0.004386126827803445,0.03633407077135463,0.05488513585405,0.05488513585405
2017-07-17,0.021045036059287453,-0.003085476146792245,-0.00025282123297043144,0.017706738679524776,0.00753615915607
2017-07-18,0.021362574727959268,-0.0003568955008783479,-0.008365055636278644,0.012640623590802275,0.0100217207332
2017-07-19,0.02131996832370398,0.00726762810028735,-0.009305207537660717,0.01928238888633061,0.00523731030442
2017-07-20,0.021751511383784897,0.0005645833942913036,-0.0008918419165031958,0.021424252861573005,0.00628760280286
2017-07-21,0.022445060871991333,0.0006562545806014845,-0.009930003381988298,0.013171312070604518,0.00419853788979
2017-07-22,0.025762577825021386,-0.00673491135787977,0.021158936716058382,0.0401866031832,0.0401866031832
2017-07-23,0.025391078004354407,-0.0005467848790841143,0.002812113786379704,0.027656406911649997,0.027656406911649997
2017-07-24,0.0215997328383592,0.003821524810551391,-0.011634835163289487,0.013786422485621105,0.00936670581144
2017-07-25,0.021055523887596985,0.0006010524680562842,-0.010730567893790507,0.010926008461862763,0.00740299808279
2017-07-26,0.020475164542228565,0.00014108346043402507,-0.005087697686849101,0.015528550315813489,0.01035301174445
2017-07-27,0.019951971762186393,-0.001963207747286611,0.002428672380302756,0.020417436395202538,0.007835204190035
2017-07-28,0.01956552568418735,0.0016000656702833244,0.004669241504709305,0.02583483285917998,0.00845956979879
2017-07-29,0.019177616591019436,0.0024212099752193702,0.08910849728767287,0.11070732385391167,0.10403263462495001
2017-07-30,0.02543356018743194,-0.004386126827803445,-0.0635201862023085,-0.04247275284268,0.00800091203618
2017-07-31,0.03199777473377273,-0.003085476146792245,-0.020005335858591416,0.008906962728389069,0.00533925074167
2017-08-01,0.03304764937498111,-0.0003568955008783479,-0.026488204953506893,0.0062025489205958665,0.0127064010184
2017-08-02,0.0351630177360403,0.00726762810028735,-0.03296024395010637,0.009470401886221289,0.0022029799782800003
2017-08-03,0.03614596703085387,0.0005645833942913036,-0.02012370840464374,0.016586842020501435,0.015275342913
2017-08-04,0.0358280589661599,0.0006562545806014845,-0.029296080819058448,0.007188232727702934,0.007517192471400001
2017-08-05,0.032283894295770374,-0.00673491135787977,0.009759244979509397,0.0353082279174,0.0353082279174
2017-08-06,0.030733543316147454,-0.0005467848790841143,0.17751444443993666,0.207701202877,0.207701202877
2017-08-07,0.03252611355964789,0.003821524810551391,-0.01880800455238584,0.01753963381781344,0.00871766002995
2017-08-08,0.032791132403575673,0.0006010524680562842,0.003177102211872779,0.03656928708350474,0.0073300463202
2017-08-09,0.03352207117527251,0.00014108346043402507,0.015452431168122706,0.04911558580382924,0.014316149797449999
2017-08-10,0.03404096950075048,-0.001963207747286611,-0.01772478059149725,0.014352981161966621,0.008892624901389999
2017-08-11,0.03464123134639851,0.0016000656702833244,-0.013243434735697097,0.022997862280984736,0.00938226772464
2017-08-12,0.03458541022007208,0.0024212099752193702,-0.022698936534091455,0.0143076836612,0.0143076836612
2017-08-13,0.026636596535919408,-0.004386126827803445,-0.011733409787525965,0.01051705992059,0.01051705992059
2017-08-14,0.019459805926374463,-0.003085476146792245,-0.010265212996450918,0.006109116783131301,0.012018749351
2017-08-15,0.019023161380023006,-0.0003568955008783479,-0.0022453433833132157,0.016420922495831443,0.0117381381351
2017-08-16,0.01734735347663864,0.00726762810028735,-0.004896667658428792,0.0197183139184972,0.0111562961011
2017-08-17,0.0166469061112031,0.0005645833942913036,0.0036565935961143255,0.020868083101608727,0.01133381454455
2017-08-18,0.01701535347827888,0.0006562545806014845,0.0020427152658602,0.019714323324740563,0.0135073110124
2017-08-19,0.015575136326221182,-0.00673491135787977,0.012378920814881091,0.021219145783222502,0.027418564201995003
2017-08-20,0.013734924420462612,-0.0005467848790841143,-0.013964637686475996,-0.0007764981450974983,0.002116383704955
2017-08-21,0.014175139495290794,0.003821524810551391,0.007070533466810214,0.0250671977726524,0.01137808785125
2017-08-22,0.015112563469429643,0.0006010524680562842,0.001102059893339025,0.016815675830824953,0.0118601719241
2017-08-23,0.015691866134847885,0.00014108346043402507,0.006113626166464828,0.021946575761746738,0.00747311979979
2017-08-24,0.016541175808931812,-0.001963207747286611,0.007331496910208792,0.021909464971853993,0.014932005346349999
2017-08-25,0.017181981853299437,0.0016000656702833244,0.006975857225636506,0.025757904749219268,0.008926422445059999
2017-08-26,0.015274816298364557,0.0024212099752193702,-0.046474465338233927,-0.028778439064649997,-0.028778439064649997
2017-08-27,0.01324723122013027,-0.004386126827803445,-0.006783855107126826,0.002077249285199999,-0.0035488839299500016
2017-08-28,0.013802193996679184,-0.003085476146792245,0.016158231663823474,0.026874949513710413,0.0138263486199
2017-08-29,0.014583968887143327,-0.0003568955008783479,0.007675887654875125,0.021902961041140104,0.00960862651379
2017-08-30,0.01500340044096815,0.00726762810028735,0.008185721463643901,0.0304567500048994,0.009414737657629998
2017-08-31,0.01460759012810885,0.0005645833942913036,0.018738144367156206,0.03391031788955636,0.011985766039700002
2017-09-01,0.013514062128766503,0.0006562545806014845,0.010444341069718404,0.02461465777908639,0.010100480666049998
2017-09-02,0.015506017054564029,-0.00673491135787977,-0.04585292990598426,-0.0370818242093,-0.0453982125039
2017-09-04,0.019697397699091464,-0.0005467848790841143,-0.018398523163142347,0.0007520896568650004,0.0007520896568650004
2017-09-05,0.02164094372043867,0.003821524810551391,0.013615099183069355,0.039077567714059416,0.00898093387791
2017-09-06,0.022246256814751966,0.0006010524680562842,0.0018476935396057968,0.024695002822414047,0.0148663276621
2017-09-07,0.022825880712176602,0.00014108346043402507,0.0028443681046420788,0.025811332277252706,0.00793109104471
2017-09-08,0.022804834404051698,-0.001963207747286611,-0.013879606960477497,0.006962019696287588,0.01095152784785
2017-09-09,0.022322803429792582,0.0016000656702833244,-0.013836303056875906,0.0100865660432,0.0100865660432
2017-09-10,0.024248444567526995,0.0024212099752193702,0.01599798302095363,0.0426676375637,0.0426676375637
2017-09-11,0.02742424042445966,-0.004386126827803445,0.024951717106961868,0.047989830703618085,0.0163817530288
2017-09-12,0.02768019653888413,-0.003085476146792245,0.010786936300922308,0.03538165669301419,0.0086882898695
2017-09-13,0.026314931222052397,-0.0003568955008783479,0.0043869847814345,0.03034502050260855,0.01564688545545
2017-09-14,0.025738050459726984,0.00726762810028735,0.0052384811113065045,0.03824415967132084,0.011574805077
2017-09-15,0.02572373926734376,0.0005645833942913036,-0.0007547110659975099,0.025533611595637554,0.012412925604700002
2017-09-16,,0.0006562545806014845,,0.01949449679375,0.01949449679375
2017-09-17,,-0.00673491135787977,,0.021956288632599994,0.0406357026054
2017-09-18,,-0.0005467848790841143,,0.03063626080907955,0.012226207432100001
2017-09-19,,0.003821524810551391,,0.01636016776573006,0.0118948238096
2017-09-20,,0.0006010524680562842,,0.009184973899455,0.009184973899455
2017-09-21,,0.00014108346043402507,,0.0251686998551,0.0251686998551
2017-09-25,,-0.001963207747286611,,0.007203938731710002,0.007203938731710002
